user_id,name
1,User 001
2,User 002
3,User 003
4,User 004
5,User 005
6,User 006
7,User 007
8,User 008
9,User 009
10,User 010
11,User 011
12,User 012
13,User 013
14,User 014
15,User 015
16,User 016
17,User 017
18,User 018
19,User 019
20,User 020
21,User 021
22,User 022
23,User 023
24,User 024
25,User 025
26,User 026
27,User 027
28,User 028
29,User 029
30,User 030
31,User 031
32,User 032
33,User 033
34,User 034
35,User 035
36,User 036
37,User 037
38,User 038
39,User 039
40,User 040
41,User 041
42,User 042
43,User 043
44,User 044
45,User 045
46,User 046
47,User 047
48,User 048
49,User 049
50,User 050
51,User 051
52,User 052
53,User 053
54,User 054
55,User 055
56,User 056
57,User 057
58,User 058
59,User 059
60,User 060
61,User 061
62,User 062
63,User 063
64,User 064
65,User 065
66,User 066
67,User 067
68,User 068
69,User 069
70,User 070
71,User 071
72,User 072
73,User 073
74,User 074
75,User 075
76,User 076
77,User 077
78,User 078
79,User 079
80,User 080
81,User 081
82,User 082
83,User 083
84,User 084
85,User 085
86,User 086
87,User 087
88,User 088
89,User 089
90,User 090
91,User 091
92,User 092
93,User 093
94,User 094
95,User 095
96,User 096
97,User 097
98,User 098
99,User 099
100,User 100
